INSERT INTO SecurityControl (SecurityMode,MACROVersion,BuildSubVersion) VALUES (0,'3.0','50');

INSERT INTO MACROFunction (FunctionCode,MACROFunction) VALUES ('F1001','Access System Management');
INSERT INTO MACROFunction (FunctionCode,MACROFunction) VALUES ('F1003','Access Library Management');
INSERT INTO MACROFunction (FunctionCode,MACROFunction) VALUES ('F1004','Access Study Definition');
INSERT INTO MACROFunction (FunctionCode,MACROFunction) VALUES ('F1005','Access Data Entry');
INSERT INTO MACROFunction (FunctionCode,MACROFunction) VALUES ('F1006','Access Data Review');
INSERT INTO MACROFunction (FunctionCode,MACROFunction) VALUES ('F1007','Access Create Data Views');
INSERT INTO MACROFunction (FunctionCode,MACROFunction) VALUES ('F1008','Access Query Module');
INSERT INTO MACROFunction (FunctionCode,MACROFunction) VALUES ('F1009','Access Batch Data Entry');
INSERT INTO MACROFunction (FunctionCode,MACROFunction) VALUES ('F1010','Access Batch Validation');

INSERT INTO MACROFunction (FunctionCode,MACROFunction) VALUES ('F2001','Create user');
INSERT INTO MACROFunction (FunctionCode,MACROFunction) VALUES ('F2002','Disable user');
INSERT INTO MACROFunction (FunctionCode,MACROFunction) VALUES ('F2003','Change user access rights');
INSERT INTO MACROFunction (FunctionCode,MACROFunction) VALUES ('F2004','Maintain user role');
INSERT INTO MACROFunction (FunctionCode,MACROFunction) VALUES ('F2005','Register database');
INSERT INTO MACROFunction (FunctionCode,MACROFunction) VALUES ('F2006','Assign user to study');
INSERT INTO MACROFunction (FunctionCode,MACROFunction) VALUES ('F2007','Change database password');
INSERT INTO MACROFunction (FunctionCode,MACROFunction) VALUES ('F2008','Create database');
INSERT INTO MACROFunction (FunctionCode,MACROFunction) VALUES ('F2009','Change system properties');
INSERT INTO MACROFunction (FunctionCode,MACROFunction) VALUES ('F2010','View system log');
INSERT INTO MACROFunction (FunctionCode,MACROFunction) VALUES ('F2011','Reset password');
INSERT INTO MACROFunction (FunctionCode,MACROFunction) VALUES ('F2012','View site/server communication');
INSERT INTO MACROFunction (FunctionCode,MACROFunction) VALUES ('F2013','Restore database');
INSERT INTO MACROFunction (FunctionCode,MACROFunction) VALUES ('F2014','Unregister database');
INSERT INTO MACROFunction (FunctionCode,MACROFunction) VALUES ('F2015','Change password properties');

INSERT INTO MACROFunction (FunctionCode,MACROFunction) VALUES ('F3001','Create study');
INSERT INTO MACROFunction (FunctionCode,MACROFunction) VALUES ('F3002','Delete study');
INSERT INTO MACROFunction (FunctionCode,MACROFunction) VALUES ('F3003','Create question');
INSERT INTO MACROFunction (FunctionCode,MACROFunction) VALUES ('F3004','Copy question from library study');
INSERT INTO MACROFunction (FunctionCode,MACROFunction) VALUES ('F3005','Copy question from other study');
INSERT INTO MACROFunction (FunctionCode,MACROFunction) VALUES ('F3006','Delete question');
INSERT INTO MACROFunction (FunctionCode,MACROFunction) VALUES ('F3007','Maintain question');
INSERT INTO MACROFunction (FunctionCode,MACROFunction) VALUES ('F3008','Maintain eForm');
INSERT INTO MACROFunction (FunctionCode,MACROFunction) VALUES ('F3009','Delete eForm');
INSERT INTO MACROFunction (FunctionCode,MACROFunction) VALUES ('F3010','Maintain schedule');
INSERT INTO MACROFunction (FunctionCode,MACROFunction) VALUES ('F3011','Delete visit');
INSERT INTO MACROFunction (FunctionCode,MACROFunction) VALUES ('F3012','Attach reference document');
INSERT INTO MACROFunction (FunctionCode,MACROFunction) VALUES ('F3013','Remove reference document');
INSERT INTO MACROFunction (FunctionCode,MACROFunction) VALUES ('F3014','Amend AREZZO');
INSERT INTO MACROFunction (FunctionCode,MACROFunction) VALUES ('F3016','Remove report');
INSERT INTO MACROFunction (FunctionCode,MACROFunction) VALUES ('F3017','Add eForm to visit');
INSERT INTO MACROFunction (FunctionCode,MACROFunction) VALUES ('F3018','Remove eForm from visit');
INSERT INTO MACROFunction (FunctionCode,MACROFunction) VALUES ('F3019','Edit study details');
INSERT INTO MACROFunction (FunctionCode,MACROFunction) VALUES ('F3020','Create eForm');
INSERT INTO MACROFunction (FunctionCode,MACROFunction) VALUES ('F3021','Create visit');
INSERT INTO MACROFunction (FunctionCode,MACROFunction) VALUES ('F3022','Maintain visit');
INSERT INTO MACROFunction (FunctionCode,MACROFunction) VALUES ('F3023','Update AREZZO from Clinical Gateway import');
INSERT INTO MACROFunction (FunctionCode,MACROFunction) VALUES ('F3024','Maintain registration');
INSERT INTO MACROFunction (FunctionCode,MACROFunction) VALUES ('F3025','Edit question groups');
INSERT INTO MACROFunction (FunctionCode,MACROFunction) VALUES ('F3026','Edit question metadata description');

INSERT INTO MACROFunction (FunctionCode,MACROFunction) VALUES ('F4001','Create site');
INSERT INTO MACROFunction (FunctionCode,MACROFunction) VALUES ('F4002','Add site to study or study to site');
INSERT INTO MACROFunction (FunctionCode,MACROFunction) VALUES ('F4003','Remove site from study');
INSERT INTO MACROFunction (FunctionCode,MACROFunction) VALUES ('F4004','Distribute new version of study definition');
INSERT INTO MACROFunction (FunctionCode,MACROFunction) VALUES ('F4005','Change study status');
INSERT INTO MACROFunction (FunctionCode,MACROFunction) VALUES ('F4006','Import subject data');
INSERT INTO MACROFunction (FunctionCode,MACROFunction) VALUES ('F4007','Export subject data');
INSERT INTO MACROFunction (FunctionCode,MACROFunction) VALUES ('F4008','Import study definition');
INSERT INTO MACROFunction (FunctionCode,MACROFunction) VALUES ('F4009','Export study definition');
INSERT INTO MACROFunction (FunctionCode,MACROFunction) VALUES ('F4010','Laboratory/site administration');
INSERT INTO MACROFunction (FunctionCode,MACROFunction) VALUES ('F4011','Export laboratory');
INSERT INTO MACROFunction (FunctionCode,MACROFunction) VALUES ('F4012','Import laboratory');
INSERT INTO MACROFunction (FunctionCode,MACROFunction) VALUES ('F4013','Distribute laboratory');

INSERT INTO MACROFunction (FunctionCode,MACROFunction) VALUES ('F5001','Create subject');
INSERT INTO MACROFunction (FunctionCode,MACROFunction) VALUES ('F5002','View data');
INSERT INTO MACROFunction (FunctionCode,MACROFunction) VALUES ('F5003','Change data');
INSERT INTO MACROFunction (FunctionCode,MACROFunction) VALUES ('F5004','Lock data');
INSERT INTO MACROFunction (FunctionCode,MACROFunction) VALUES ('F5005','Freeze data');
INSERT INTO MACROFunction (FunctionCode,MACROFunction) VALUES ('F5006','View reports');
INSERT INTO MACROFunction (FunctionCode,MACROFunction) VALUES ('F5007','Monitor / review data');
INSERT INTO MACROFunction (FunctionCode,MACROFunction) VALUES ('F5008','View communication settings');
INSERT INTO MACROFunction (FunctionCode,MACROFunction) VALUES ('F5009','Change communication settings');
INSERT INTO MACROFunction (FunctionCode,MACROFunction) VALUES ('F5010','System integrity check');
INSERT INTO MACROFunction (FunctionCode,MACROFunction) VALUES ('F5012','Audit trail integrity check');
INSERT INTO MACROFunction (FunctionCode,MACROFunction) VALUES ('F5013','View question audit trail');
INSERT INTO MACROFunction (FunctionCode,MACROFunction) VALUES ('F5014','Overrule discrepancies');
INSERT INTO MACROFunction (FunctionCode,MACROFunction) VALUES ('F5015','Create Data Entry question comment');
INSERT INTO MACROFunction (FunctionCode,MACROFunction) VALUES ('F5016','View Data Entry question comments');
INSERT INTO MACROFunction (FunctionCode,MACROFunction) VALUES ('F5017','Create discrepancy');
INSERT INTO MACROFunction (FunctionCode,MACROFunction) VALUES ('F5018','Create SDV mark');
INSERT INTO MACROFunction (FunctionCode,MACROFunction) VALUES ('F5019','Use Microsoft Word templates');
INSERT INTO MACROFunction (FunctionCode,MACROFunction) VALUES ('F5020','View subject data');
INSERT INTO MACROFunction (FunctionCode,MACROFunction) VALUES ('F5021','Remove own locks');
INSERT INTO MACROFunction (FunctionCode,MACROFunction) VALUES ('F5022','Remove all locks');
INSERT INTO MACROFunction (FunctionCode,MACROFunction) VALUES ('F5023','View SDV mark');
INSERT INTO MACROFunction (FunctionCode,MACROFunction) VALUES ('F5024','View discrepancies');
INSERT INTO MACROFunction (FunctionCode,MACROFunction) VALUES ('F5025','View changes since last session');
INSERT INTO MACROFunction (FunctionCode,MACROFunction) VALUES ('F5026','Change date display');
INSERT INTO MACROFunction (FunctionCode,MACROFunction) VALUES ('F5027','Split screen');
INSERT INTO MACROFunction (FunctionCode,MACROFunction) VALUES ('F5028','View subject quick list');
INSERT INTO MACROFunction (FunctionCode,MACROFunction) VALUES ('F5029','Unlock data');
INSERT INTO MACROFunction (FunctionCode,MACROFunction) VALUES ('F5030','Unfreeze data');
INSERT INTO MACROFunction (FunctionCode,MACROFunction) VALUES ('F5031','Transfer data');
INSERT INTO MACROFunction (FunctionCode,MACROFunction) VALUES ('F5032','View lock/freeze history');
INSERT INTO MACROFunction (FunctionCode,MACROFunction) VALUES ('F5033','Register subject');

INSERT INTO MACROFunction (FunctionCode,MACROFunction) VALUES ('F6001','Maintain laboratories');
INSERT INTO MACROFunction (FunctionCode,MACROFunction) VALUES ('F6002','Maintain CTC schemes');
INSERT INTO MACROFunction (FunctionCode,MACROFunction) VALUES ('F6003','Maintain clinical tests');
INSERT INTO MACROFunction (FunctionCode,MACROFunction) VALUES ('F6004','Maintain normal ranges');
INSERT INTO MACROFunction (FunctionCode,MACROFunction) VALUES ('F6005','Maintain common toxicity criteria');


INSERT INTO MacroPassword VALUES (6,15,90,1,1,1,1,10,5);

INSERT INTO MACROUser (UserName,UserNameFull,UserPassword,Enabled,LastLogin,FirstLogin,DefaultUserRoleCode,FailedAttempts,PasswordCreated,SYSADMIN) VALUES ('rde','rde','30376D1E6E0DEB7C11844E57E07C4EB8A94587CFC6D4AAF2AD39B299189FA811',1,37644.7112408221,37440.480451,'MACROUser',0,37644.7112408221,1);

INSERT INTO Role (RoleCode,RoleDescription,Enabled,SYSADMIN) VALUES ('MACROUser','MACROUser',1,1);

INSERT INTO Rolefunction (RoleCode,FunctionCode) VALUES ('MACROUser','F1001');
INSERT INTO Rolefunction (RoleCode,FunctionCode) VALUES ('MACROUser','F1003');
INSERT INTO Rolefunction (RoleCode,FunctionCode) VALUES ('MACROUser','F1004');
INSERT INTO Rolefunction (RoleCode,FunctionCode) VALUES ('MACROUser','F1005');
INSERT INTO Rolefunction (RoleCode,FunctionCode) VALUES ('MACROUser','F1006');
INSERT INTO Rolefunction (RoleCode,FunctionCode) VALUES ('MACROUser','F1007');
INSERT INTO Rolefunction (RoleCode,FunctionCode) VALUES ('MACROUser','F1008');
INSERT INTO Rolefunction (RoleCode,FunctionCode) VALUES ('MACROUser','F1009');
INSERT INTO Rolefunction (RoleCode,FunctionCode) VALUES ('MACROUser','F1010');

INSERT INTO Rolefunction (RoleCode,FunctionCode) VALUES ('MACROUser','F2001');
INSERT INTO Rolefunction (RoleCode,FunctionCode) VALUES ('MACROUser','F2002');
INSERT INTO Rolefunction (RoleCode,FunctionCode) VALUES ('MACROUser','F2003');
INSERT INTO Rolefunction (RoleCode,FunctionCode) VALUES ('MACROUser','F2004');
INSERT INTO Rolefunction (RoleCode,FunctionCode) VALUES ('MACROUser','F2005');
INSERT INTO Rolefunction (RoleCode,FunctionCode) VALUES ('MACROUser','F2006');
INSERT INTO Rolefunction (RoleCode,FunctionCode) VALUES ('MACROUser','F2007');
INSERT INTO Rolefunction (RoleCode,FunctionCode) VALUES ('MACROUser','F2008');
INSERT INTO Rolefunction (RoleCode,FunctionCode) VALUES ('MACROUser','F2009');
INSERT INTO Rolefunction (RoleCode,FunctionCode) VALUES ('MACROUser','F2010');
INSERT INTO Rolefunction (RoleCode,FunctionCode) VALUES ('MACROUser','F2011');
INSERT INTO Rolefunction (RoleCode,FunctionCode) VALUES ('MACROUser','F2012');
INSERT INTO Rolefunction (RoleCode,FunctionCode) VALUES ('MACROUser','F2013');
INSERT INTO Rolefunction (RoleCode,FunctionCode) VALUES ('MACROUser','F2014');
INSERT INTO Rolefunction (RoleCode,FunctionCode) VALUES ('MACROUser','F2015');

INSERT INTO Rolefunction (RoleCode,FunctionCode) VALUES ('MACROUser','F3001');
INSERT INTO Rolefunction (RoleCode,FunctionCode) VALUES ('MACROUser','F3002');
INSERT INTO Rolefunction (RoleCode,FunctionCode) VALUES ('MACROUser','F3003');
INSERT INTO Rolefunction (RoleCode,FunctionCode) VALUES ('MACROUser','F3004');
INSERT INTO Rolefunction (RoleCode,FunctionCode) VALUES ('MACROUser','F3005');
INSERT INTO Rolefunction (RoleCode,FunctionCode) VALUES ('MACROUser','F3006');
INSERT INTO Rolefunction (RoleCode,FunctionCode) VALUES ('MACROUser','F3007');
INSERT INTO Rolefunction (RoleCode,FunctionCode) VALUES ('MACROUser','F3008');
INSERT INTO Rolefunction (RoleCode,FunctionCode) VALUES ('MACROUser','F3009');
INSERT INTO Rolefunction (RoleCode,FunctionCode) VALUES ('MACROUser','F3010');
INSERT INTO Rolefunction (RoleCode,FunctionCode) VALUES ('MACROUser','F3011');
INSERT INTO Rolefunction (RoleCode,FunctionCode) VALUES ('MACROUser','F3012');
INSERT INTO Rolefunction (RoleCode,FunctionCode) VALUES ('MACROUser','F3013');
INSERT INTO Rolefunction (RoleCode,FunctionCode) VALUES ('MACROUser','F3014');
INSERT INTO Rolefunction (RoleCode,FunctionCode) VALUES ('MACROUser','F3016');
INSERT INTO Rolefunction (RoleCode,FunctionCode) VALUES ('MACROUser','F3017');
INSERT INTO Rolefunction (RoleCode,FunctionCode) VALUES ('MACROUser','F3018');
INSERT INTO Rolefunction (RoleCode,FunctionCode) VALUES ('MACROUser','F3019');
INSERT INTO Rolefunction (RoleCode,FunctionCode) VALUES ('MACROUser','F3020');
INSERT INTO Rolefunction (RoleCode,FunctionCode) VALUES ('MACROUser','F3021');
INSERT INTO Rolefunction (RoleCode,FunctionCode) VALUES ('MACROUser','F3022');
INSERT INTO Rolefunction (RoleCode,FunctionCode) VALUES ('MACROUser','F3024');
INSERT INTO Rolefunction (RoleCode,FunctionCode) VALUES ('MACROUser','F3025');
INSERT INTO Rolefunction (RoleCode,FunctionCode) VALUES ('MACROUser','F3026');

INSERT INTO Rolefunction (RoleCode,FunctionCode) VALUES ('MACROUser','F4001');
INSERT INTO Rolefunction (RoleCode,FunctionCode) VALUES ('MACROUser','F4002');
INSERT INTO Rolefunction (RoleCode,FunctionCode) VALUES ('MACROUser','F4003');
INSERT INTO Rolefunction (RoleCode,FunctionCode) VALUES ('MACROUser','F4004');
INSERT INTO Rolefunction (RoleCode,FunctionCode) VALUES ('MACROUser','F4005');
INSERT INTO Rolefunction (RoleCode,FunctionCode) VALUES ('MACROUser','F4006');
INSERT INTO Rolefunction (RoleCode,FunctionCode) VALUES ('MACROUser','F4007');
INSERT INTO Rolefunction (RoleCode,FunctionCode) VALUES ('MACROUser','F4008');
INSERT INTO Rolefunction (RoleCode,FunctionCode) VALUES ('MACROUser','F4009');
INSERT INTO Rolefunction (RoleCode,FunctionCode) VALUES ('MACROUser','F4010');
INSERT INTO Rolefunction (RoleCode,FunctionCode) VALUES ('MACROUser','F4011');
INSERT INTO Rolefunction (RoleCode,FunctionCode) VALUES ('MACROUser','F4012');
INSERT INTO Rolefunction (RoleCode,FunctionCode) VALUES ('MACROUser','F4013');

INSERT INTO Rolefunction (RoleCode,FunctionCode) VALUES ('MACROUser','F5001');
INSERT INTO Rolefunction (RoleCode,FunctionCode) VALUES ('MACROUser','F5002');
INSERT INTO Rolefunction (RoleCode,FunctionCode) VALUES ('MACROUser','F5003');
INSERT INTO Rolefunction (RoleCode,FunctionCode) VALUES ('MACROUser','F5004');
INSERT INTO Rolefunction (RoleCode,FunctionCode) VALUES ('MACROUser','F5005');
INSERT INTO Rolefunction (RoleCode,FunctionCode) VALUES ('MACROUser','F5006');
INSERT INTO Rolefunction (RoleCode,FunctionCode) VALUES ('MACROUser','F5007');
INSERT INTO Rolefunction (RoleCode,FunctionCode) VALUES ('MACROUser','F5008');
INSERT INTO Rolefunction (RoleCode,FunctionCode) VALUES ('MACROUser','F5009');
INSERT INTO Rolefunction (RoleCode,FunctionCode) VALUES ('MACROUser','F5010');
INSERT INTO Rolefunction (RoleCode,FunctionCode) VALUES ('MACROUser','F5012');
INSERT INTO Rolefunction (RoleCode,FunctionCode) VALUES ('MACROUser','F5013');
INSERT INTO Rolefunction (RoleCode,FunctionCode) VALUES ('MACROUser','F5014');
INSERT INTO Rolefunction (RoleCode,FunctionCode) VALUES ('MACROUser','F5015');
INSERT INTO Rolefunction (RoleCode,FunctionCode) VALUES ('MACROUser','F5016');
INSERT INTO Rolefunction (RoleCode,FunctionCode) VALUES ('MACROUser','F5017');
INSERT INTO Rolefunction (RoleCode,FunctionCode) VALUES ('MACROUser','F5018');
INSERT INTO Rolefunction (RoleCode,FunctionCode) VALUES ('MACROUser','F5019');
INSERT INTO Rolefunction (RoleCode,FunctionCode) VALUES ('MACROUser','F5020');
INSERT INTO Rolefunction (RoleCode,FunctionCode) VALUES ('MACROUser','F5021');
INSERT INTO Rolefunction (RoleCode,FunctionCode) VALUES ('MACROUser','F5022');
INSERT INTO Rolefunction (RoleCode,FunctionCode) VALUES ('MACROUser','F5023');
INSERT INTO Rolefunction (RoleCode,FunctionCode) VALUES ('MACROUser','F5024');
INSERT INTO Rolefunction (RoleCode,FunctionCode) VALUES ('MACROUser','F5025');
INSERT INTO Rolefunction (RoleCode,FunctionCode) VALUES ('MACROUser','F5026');
INSERT INTO Rolefunction (RoleCode,FunctionCode) VALUES ('MACROUser','F5027');
INSERT INTO Rolefunction (RoleCode,FunctionCode) VALUES ('MACROUser','F5028');
INSERT INTO Rolefunction (RoleCode,FunctionCode) VALUES ('MACROUser','F5029');
INSERT INTO Rolefunction (RoleCode,FunctionCode) VALUES ('MACROUser','F5030');
INSERT INTO Rolefunction (RoleCode,FunctionCode) VALUES ('MACROUser','F5031');
INSERT INTO Rolefunction (RoleCode,FunctionCode) VALUES ('MACROUser','F5032');
INSERT INTO Rolefunction (RoleCode,FunctionCode) VALUES ('MACROUser','F5033');

INSERT INTO Rolefunction (RoleCode,FunctionCode) VALUES ('MACROUser','F6001');
INSERT INTO Rolefunction (RoleCode,FunctionCode) VALUES ('MACROUser','F6002');
INSERT INTO Rolefunction (RoleCode,FunctionCode) VALUES ('MACROUser','F6003');
INSERT INTO Rolefunction (RoleCode,FunctionCode) VALUES ('MACROUser','F6004');
INSERT INTO Rolefunction (RoleCode,FunctionCode) VALUES ('MACROUser','F6005');

INSERT INTO ONLINESUPPORT (SupportUserName,SupportUserPassWord,SupportURL) VALUES ('INFERMED','öŒVc','www.infermed.com/support/insertproblem.asp')


Insert INTO FunctionModule (FunctionCode,MACROModule) VALUES ('F1001','SM');
Insert INTO FunctionModule (FunctionCode,MACROModule) VALUES ('F1003','LM');
Insert INTO FunctionModule (FunctionCode,MACROModule) VALUES ('F1004','SD');
Insert INTO FunctionModule (FunctionCode,MACROModule) VALUES ('F1005','DE');
Insert INTO FunctionModule (FunctionCode,MACROModule) VALUES ('F1006','DR');
Insert INTO FunctionModule (FunctionCode,MACROModule) VALUES ('F1007','DV');
Insert INTO FunctionModule (FunctionCode,MACROModule) VALUES ('F1008','QM');
Insert INTO FunctionModule (FunctionCode,MACROModule) VALUES ('F1009','BD');
Insert INTO FunctionModule (FunctionCode,MACROModule) VALUES ('F1010','BV');

Insert INTO FunctionModule (FunctionCode,MACROModule) VALUES ('F2001','SM');
Insert INTO FunctionModule (FunctionCode,MACROModule) VALUES ('F2002','SM');
Insert INTO FunctionModule (FunctionCode,MACROModule) VALUES ('F2003','SM');
Insert INTO FunctionModule (FunctionCode,MACROModule) VALUES ('F2004','SM');
Insert INTO FunctionModule (FunctionCode,MACROModule) VALUES ('F2005','SM');
Insert INTO FunctionModule (FunctionCode,MACROModule) VALUES ('F2006','SM');
Insert INTO FunctionModule (FunctionCode,MACROModule) VALUES ('F2007','SM');
Insert INTO FunctionModule (FunctionCode,MACROModule) VALUES ('F2008','SM');
Insert INTO FunctionModule (FunctionCode,MACROModule) VALUES ('F2009','SM');
Insert INTO FunctionModule (FunctionCode,MACROModule) VALUES ('F2010','SM');
Insert INTO FunctionModule (FunctionCode,MACROModule) VALUES ('F2011','SM');
Insert INTO FunctionModule (FunctionCode,MACROModule) VALUES ('F2012','SM');
Insert INTO FunctionModule (FunctionCode,MACROModule) VALUES ('F2013','SM');
Insert INTO FunctionModule (FunctionCode,MACROModule) VALUES ('F2014','SM');
Insert INTO FunctionModule (FunctionCode,MACROModule) VALUES ('F2015','SM');

Insert INTO FunctionModule (FunctionCode,MACROModule) VALUES ('F3001','SD');
Insert INTO FunctionModule (FunctionCode,MACROModule) VALUES ('F3002','SD');
Insert INTO FunctionModule (FunctionCode,MACROModule) VALUES ('F3003','SD');
Insert INTO FunctionModule (FunctionCode,MACROModule) VALUES ('F3003','LM');
Insert INTO FunctionModule (FunctionCode,MACROModule) VALUES ('F3004','SD');
Insert INTO FunctionModule (FunctionCode,MACROModule) VALUES ('F3005','SD');
Insert INTO FunctionModule (FunctionCode,MACROModule) VALUES ('F3005','LM');
Insert INTO FunctionModule (FunctionCode,MACROModule) VALUES ('F3006','SD');
Insert INTO FunctionModule (FunctionCode,MACROModule) VALUES ('F3006','LM');
Insert INTO FunctionModule (FunctionCode,MACROModule) VALUES ('F3007','SD');
Insert INTO FunctionModule (FunctionCode,MACROModule) VALUES ('F3007','LM');
Insert INTO FunctionModule (FunctionCode,MACROModule) VALUES ('F3008','SD');
Insert INTO FunctionModule (FunctionCode,MACROModule) VALUES ('F3008','LM');
Insert INTO FunctionModule (FunctionCode,MACROModule) VALUES ('F3009','SD');
Insert INTO FunctionModule (FunctionCode,MACROModule) VALUES ('F3009','LM');
Insert INTO FunctionModule (FunctionCode,MACROModule) VALUES ('F3010','SD');
Insert INTO FunctionModule (FunctionCode,MACROModule) VALUES ('F3011','SD');
Insert INTO FunctionModule (FunctionCode,MACROModule) VALUES ('F3012','SD');
Insert INTO FunctionModule (FunctionCode,MACROModule) VALUES ('F3013','SD');
Insert INTO FunctionModule (FunctionCode,MACROModule) VALUES ('F3014','SD');
Insert INTO FunctionModule (FunctionCode,MACROModule) VALUES ('F3016','SD');
Insert INTO FunctionModule (FunctionCode,MACROModule) VALUES ('F3017','SD');
Insert INTO FunctionModule (FunctionCode,MACROModule) VALUES ('F3018','SD');
Insert INTO FunctionModule (FunctionCode,MACROModule) VALUES ('F3019','SD');
Insert INTO FunctionModule (FunctionCode,MACROModule) VALUES ('F3020','SD');
Insert INTO FunctionModule (FunctionCode,MACROModule) VALUES ('F3020','LM');
Insert INTO FunctionModule (FunctionCode,MACROModule) VALUES ('F3021','SD');
Insert INTO FunctionModule (FunctionCode,MACROModule) VALUES ('F3022','SD');
Insert INTO FunctionModule (FunctionCode,MACROModule) VALUES ('F3023','SD');
Insert INTO FunctionModule (FunctionCode,MACROModule) VALUES ('F3024','SD');
Insert INTO FunctionModule (FunctionCode,MACROModule) VALUES ('F3025','SD');
Insert INTO FunctionModule (FunctionCode,MACROModule) VALUES ('F3025','LM');
Insert INTO FunctionModule (FunctionCode,MACROModule) VALUES ('F3026','SD');
Insert INTO FunctionModule (FunctionCode,MACROModule) VALUES ('F3026','LM');

Insert INTO FunctionModule (FunctionCode,MACROModule) VALUES ('F4001','SM');
Insert INTO FunctionModule (FunctionCode,MACROModule) VALUES ('F4002','SM');
Insert INTO FunctionModule (FunctionCode,MACROModule) VALUES ('F4003','SM');
Insert INTO FunctionModule (FunctionCode,MACROModule) VALUES ('F4004','SM');
Insert INTO FunctionModule (FunctionCode,MACROModule) VALUES ('F4005','SM');
Insert INTO FunctionModule (FunctionCode,MACROModule) VALUES ('F4006','SM');
Insert INTO FunctionModule (FunctionCode,MACROModule) VALUES ('F4007','SM');
Insert INTO FunctionModule (FunctionCode,MACROModule) VALUES ('F4008','SM');
Insert INTO FunctionModule (FunctionCode,MACROModule) VALUES ('F4009','SM');
Insert INTO FunctionModule (FunctionCode,MACROModule) VALUES ('F4010','SM');
Insert INTO FunctionModule (FunctionCode,MACROModule) VALUES ('F4011','SM');
Insert INTO FunctionModule (FunctionCode,MACROModule) VALUES ('F4012','SM');
Insert INTO FunctionModule (FunctionCode,MACROModule) VALUES ('F4013','SM');

Insert INTO FunctionModule (FunctionCode,MACROModule) VALUES ('F5001','DE');
Insert INTO FunctionModule (FunctionCode,MACROModule) VALUES ('F5002','DE');
Insert INTO FunctionModule (FunctionCode,MACROModule) VALUES ('F5002','DR');
Insert INTO FunctionModule (FunctionCode,MACROModule) VALUES ('F5003','DE');
Insert INTO FunctionModule (FunctionCode,MACROModule) VALUES ('F5004','DR');
Insert INTO FunctionModule (FunctionCode,MACROModule) VALUES ('F5005','DR');
Insert INTO FunctionModule (FunctionCode,MACROModule) VALUES ('F5006','DE');
Insert INTO FunctionModule (FunctionCode,MACROModule) VALUES ('F5006','DR');
Insert INTO FunctionModule (FunctionCode,MACROModule) VALUES ('F5007','DR');
Insert INTO FunctionModule (FunctionCode,MACROModule) VALUES ('F5008','DE');
Insert INTO FunctionModule (FunctionCode,MACROModule) VALUES ('F5009','DE');
Insert INTO FunctionModule (FunctionCode,MACROModule) VALUES ('F5013','DE');
Insert INTO FunctionModule (FunctionCode,MACROModule) VALUES ('F5013','DR');
Insert INTO FunctionModule (FunctionCode,MACROModule) VALUES ('F5014','DE');
Insert INTO FunctionModule (FunctionCode,MACROModule) VALUES ('F5015','DE');
Insert INTO FunctionModule (FunctionCode,MACROModule) VALUES ('F5015','DR');
Insert INTO FunctionModule (FunctionCode,MACROModule) VALUES ('F5016','DE');
Insert INTO FunctionModule (FunctionCode,MACROModule) VALUES ('F5016','DR');
Insert INTO FunctionModule (FunctionCode,MACROModule) VALUES ('F5017','DR');
Insert INTO FunctionModule (FunctionCode,MACROModule) VALUES ('F5018','DR');
Insert INTO FunctionModule (FunctionCode,MACROModule) VALUES ('F5019','DE');
Insert INTO FunctionModule (FunctionCode,MACROModule) VALUES ('F5019','DR');
Insert INTO FunctionModule (FunctionCode,MACROModule) VALUES ('F5020','DE');
Insert INTO FunctionModule (FunctionCode,MACROModule) VALUES ('F5020','DR');
Insert INTO FunctionModule (FunctionCode,MACROModule) VALUES ('F5021','DE');
Insert INTO FunctionModule (FunctionCode,MACROModule) VALUES ('F5021','DR');
Insert INTO FunctionModule (FunctionCode,MACROModule) VALUES ('F5021','SM');
Insert INTO FunctionModule (FunctionCode,MACROModule) VALUES ('F5022','SM');
Insert INTO FunctionModule (FunctionCode,MACROModule) VALUES ('F5023','DE');
Insert INTO FunctionModule (FunctionCode,MACROModule) VALUES ('F5023','DR');
Insert INTO FunctionModule (FunctionCode,MACROModule) VALUES ('F5024','DE');
Insert INTO FunctionModule (FunctionCode,MACROModule) VALUES ('F5024','DR');
Insert INTO FunctionModule (FunctionCode,MACROModule) VALUES ('F5025','DE');
Insert INTO FunctionModule (FunctionCode,MACROModule) VALUES ('F5025','DR');
Insert INTO FunctionModule (FunctionCode,MACROModule) VALUES ('F5026','DR');
INSERT INTO FUNCTIONMODULE (FUNCTIONCODE, MACROMODULE) VALUES ('F5026','DE');
Insert INTO FunctionModule (FunctionCode,MACROModule) VALUES ('F5027','DE');
Insert INTO FunctionModule (FunctionCode,MACROModule) VALUES ('F5027','DR');
Insert INTO FunctionModule (FunctionCode,MACROModule) VALUES ('F5028','DE');
Insert INTO FunctionModule (FunctionCode,MACROModule) VALUES ('F5028','DR');
Insert INTO FunctionModule (FunctionCode,MACROModule) VALUES ('F5029','DR');
Insert INTO FunctionModule (FunctionCode,MACROModule) VALUES ('F5030','DR');
Insert INTO FunctionModule (FunctionCode,MACROModule) VALUES ('F5031','DE');
Insert INTO FunctionModule (FunctionCode,MACROModule) VALUES ('F5031','DR');
Insert INTO FunctionModule (FunctionCode,MACROModule) VALUES ('F5032','DE');
Insert INTO FunctionModule (FunctionCode,MACROModule) VALUES ('F5033','DE');

Insert INTO FunctionModule (FunctionCode,MACROModule) VALUES ('F6001','DE');
Insert INTO FunctionModule (FunctionCode,MACROModule) VALUES ('F6001','LM');
Insert INTO FunctionModule (FunctionCode,MACROModule) VALUES ('F6002','LM');
Insert INTO FunctionModule (FunctionCode,MACROModule) VALUES ('F6003','LM');
Insert INTO FunctionModule (FunctionCode,MACROModule) VALUES ('F6004','LM');
Insert INTO FunctionModule (FunctionCode,MACROModule) VALUES ('F6005','LM');
